id	sample_id	dopant_element	dopant_ionic_radius	dopant_valence	dopant_molar_fraction
1	1	Y	101.9	3	0.085
2	2	Y	101.9	3	0.1
3	3	Sc	87	3	0.067
4	4	Y	101.9	3	0.03
5	5	Dy	102.7	3	0.1
6	6	Bi	96	3	0.02
7	6	Dy	102.7	3	0.1
8	7	Y	101.9	3	0.08
9	8	Zn	74	2	0.01
10	8	Fe	64.5	3	0.02
11	8	Y	101.9	3	0.05
12	9	Pr	112.6	3	0.05
13	9	Y	101.9	3	0.05
14	10	Pr	112.6	3	0.1
15	10	Y	101.9	3	0.05
16	11	Pr	112.6	3	0.15
17	11	Y	101.9	3	0.05
18	12	Pr	112.6	3	0.1
19	12	Y	101.9	3	0.05
20	13	Pr	112.6	3	0.15
21	13	Y	101.9	3	0.05
22	14	Pr	112.6	3	0.05
23	14	Y	101.9	3	0.05
24	15	Pr	112.6	3	0.15
25	15	Y	101.9	3	0.05
26	16	Pr	112.6	3	0.05
27	16	Y	101.9	3	0.05
28	17	Pr	112.6	3	0.1
29	17	Y	101.9	3	0.05
30	18	Lu	97.7	3	0.08
31	19	Sc	87	3	0.08
32	20	Y	101.9	3	0.08
33	21	Lu	97.7	3	0.08
34	22	Sc	87	3	0.08
35	23	Y	101.9	3	0.08
36	24	Lu	97.7	3	0.08
37	25	Sc	87	3	0.08
38	26	Y	101.9	3	0.08
39	27	Lu	97.7	3	0.08
40	28	Sc	87	3	0.08
41	29	Y	101.9	3	0.08
42	30	Lu	97.7	3	0.08
43	31	Sc	87	3	0.08
44	32	Y	101.9	3	0.08
45	33	Lu	97.7	3	0.08
46	34	Sc	87	3	0.08
47	35	Y	101.9	3	0.08
48	36	Gd	97	3	0.005
49	36	Ce	105.3	4	0.005
50	36	Sc	87	3	0.1
51	36	Bi	96	3	0.02
52	37	Mn	83	2	0.25
53	38	Mn	83	2	0.25
54	39	Y	101.9	3	0.085
55	40	Y	101.9	3	0.085
56	41	Y	101.9	3	0.085
57	42	Bi	96	3	0.04
58	42	Y	101.9	3	0.08
59	43	Bi	96	3	0.04
60	43	Y	101.9	3	0.08
61	44	Bi	96	3	0.04
62	44	Y	101.9	3	0.08
63	45	Sc	87	3	0.1
64	45	Y	101.9	3	0.01
65	46	Sc	87	3	0.09
66	46	Y	101.9	3	0.02
67	47	Sc	87	3	0.08
68	47	Y	101.9	3	0.03
69	48	Sc	87	3	0.11
70	49	Y	101.9	3	0.11
71	50	Y	101.9	3	0.03
72	51	Gd	97	3	0.0025
73	51	Y	101.9	3	0.03
74	52	Gd	97	3	0.005
75	52	Y	101.9	3	0.03
76	53	Gd	97	3	0.01
77	53	Y	101.9	3	0.03
78	54	Yb	98.5	3	0.025
79	54	Y	101.9	3	0.05
80	55	Sc	87	3	0.0047
81	55	Yb	98.5	3	0.0244
82	55	Y	101.9	3	0.0489
83	56	Sc	87	3	0.0098
84	56	Yb	98.5	3	0.0244
85	56	Y	101.9	3	0.0488
86	57	Sc	87	3	0.0238
87	57	Yb	98.5	3	0.0238
88	57	Y	101.9	3	0.0475
89	58	Sc	87	3	0.0456
90	58	Yb	98.5	3	0.0229
91	58	Y	101.9	3	0.0456
92	59	Sc	87	3	0.0588
93	59	Yb	98.5	3	0.0221
94	59	Y	101.9	3	0.0441
95	60	Yb	98.5	3	0.025
96	60	Y	101.9	3	0.05
97	61	Sc	87	3	0.0047
98	61	Yb	98.5	3	0.0244
99	61	Y	101.9	3	0.0489
100	62	Sc	87	3	0.0098
101	62	Yb	98.5	3	0.0244
102	62	Y	101.9	3	0.0488
103	63	Sc	87	3	0.0238
104	63	Yb	98.5	3	0.0238
105	63	Y	101.9	3	0.0475
106	64	Sc	87	3	0.0456
107	64	Yb	98.5	3	0.0229
108	64	Y	101.9	3	0.0456
109	65	Sc	87	3	0.0588
110	65	Yb	98.5	3	0.0221
111	65	Y	101.9	3	0.0441
112	66	Yb	98.5	3	0.025
113	66	Y	101.9	3	0.05
114	67	Sc	87	3	0.0047
115	67	Yb	98.5	3	0.0244
116	67	Y	101.9	3	0.0489
117	68	Sc	87	3	0.0098
118	68	Yb	98.5	3	0.0244
119	68	Y	101.9	3	0.0488
120	69	Sc	87	3	0.0238
121	69	Yb	98.5	3	0.0238
122	69	Y	101.9	3	0.0475
123	70	Sc	87	3	0.0456
124	70	Yb	98.5	3	0.0229
125	70	Y	101.9	3	0.0456
126	71	Sc	87	3	0.0588
127	71	Yb	98.5	3	0.0221
128	71	Y	101.9	3	0.0441
129	72	Yb	98.5	3	0.025
130	72	Y	101.9	3	0.05
131	73	Dy	102.7	3	0.0047
132	73	Yb	98.5	3	0.0244
133	73	Y	101.9	3	0.0489
134	74	Dy	102.7	3	0.0098
135	74	Yb	98.5	3	0.0244
136	74	Y	101.9	3	0.0488
137	75	Dy	102.7	3	0.0238
138	75	Yb	98.5	3	0.0238
139	75	Y	101.9	3	0.0475
140	76	Dy	102.7	3	0.0456
141	76	Yb	98.5	3	0.0229
142	76	Y	101.9	3	0.0456
143	77	Dy	102.7	3	0.0588
144	77	Yb	98.5	3	0.0221
145	77	Y	101.9	3	0.0441
146	78	Yb	98.5	3	0.025
147	78	Y	101.9	3	0.05
148	79	Dy	102.7	3	0.0047
149	79	Yb	98.5	3	0.0244
150	79	Y	101.9	3	0.0489
151	80	Dy	102.7	3	0.0098
152	80	Yb	98.5	3	0.0244
153	80	Y	101.9	3	0.0488
154	81	Dy	102.7	3	0.0238
155	81	Yb	98.5	3	0.0238
156	81	Y	101.9	3	0.0475
157	82	Dy	102.7	3	0.0456
158	82	Yb	98.5	3	0.0229
159	82	Y	101.9	3	0.0456
160	83	Dy	102.7	3	0.0588
161	83	Yb	98.5	3	0.0221
162	83	Y	101.9	3	0.0441
163	84	Yb	98.5	3	0.025
164	84	Y	101.9	3	0.05
165	85	Dy	102.7	3	0.0047
166	85	Yb	98.5	3	0.0244
167	85	Y	101.9	3	0.0489
168	86	Dy	102.7	3	0.0098
169	86	Yb	98.5	3	0.0244
170	86	Y	101.9	3	0.0488
171	87	Dy	102.7	3	0.0238
172	87	Yb	98.5	3	0.0238
173	87	Y	101.9	3	0.0475
174	88	Dy	102.7	3	0.0456
175	88	Yb	98.5	3	0.0229
176	88	Y	101.9	3	0.0456
177	89	Dy	102.7	3	0.0588
178	89	Yb	98.5	3	0.0221
179	89	Y	101.9	3	0.0441
180	90	Y	101.9	3	0.08
181	91	Sc	87	3	0.0107
182	91	Yb	98.5	3	0.0267
183	91	Y	101.9	3	0.0535
184	92	Al	54	3	0.0028
185	92	Sc	87	3	0.0106
186	92	Yb	98.5	3	0.0266
187	92	Y	101.9	3	0.0532
188	93	Ca	112	2	0.0213
189	93	Sc	87	3	0.0105
190	93	Yb	98.5	3	0.0261
191	93	Y	101.9	3	0.0523
192	94	Ca	112	2	0.0213
193	94	Al	54	3	0.27
194	94	Sc	87	3	0.0104
195	94	Yb	98.5	3	0.0261
196	94	Y	101.9	3	0.0522
197	95	Dy	102.7	3	0.0027
198	95	Yb	98.5	3	0.0269
199	95	Y	101.9	3	0.0539
200	96	Al	54	3	0.0028
201	96	Dy	102.7	3	0.0027
202	96	Yb	98.5	3	0.0268
203	96	Y	101.9	3	0.0537
204	97	Ca	112	2	0.0215
205	97	Dy	102.7	3	0.0026
206	97	Yb	98.5	3	0.0263
207	97	Y	101.9	3	0.0527
208	98	Ca	112	2	0.0214
209	98	Al	54	3	0.0027
210	98	Dy	102.7	3	0.0027
211	98	Yb	98.5	3	0.0263
212	98	Y	101.9	3	0.0526
213	99	Sc	87	3	0.0107
214	99	Yb	98.5	3	0.0267
215	99	Y	101.9	3	0.0535
216	100	Al	54	3	0.0028
217	100	Sc	87	3	0.0106
218	100	Yb	98.5	3	0.0266
219	100	Y	101.9	3	0.0532
220	101	Ca	112	2	0.0213
221	101	Sc	87	3	0.0105
222	101	Yb	98.5	3	0.0261
223	101	Y	101.9	3	0.0523
224	102	Ca	112	2	0.0213
225	102	Al	54	3	0.27
226	102	Sc	87	3	0.0104
227	102	Yb	98.5	3	0.0261
228	102	Y	101.9	3	0.0522
229	103	Dy	102.7	3	0.0027
230	103	Yb	98.5	3	0.0269
231	103	Y	101.9	3	0.0539
232	104	Al	54	3	0.0028
233	104	Dy	102.7	3	0.0027
234	104	Yb	98.5	3	0.0268
235	104	Y	101.9	3	0.0537
236	105	Ca	112	2	0.0215
237	105	Dy	102.7	3	0.0026
238	105	Yb	98.5	3	0.0263
239	105	Y	101.9	3	0.0527
240	106	Ca	112	2	0.0214
241	106	Al	54	3	0.0027
242	106	Dy	102.7	3	0.0027
243	106	Yb	98.5	3	0.0263
244	106	Y	101.9	3	0.0526
245	107	Y	101.9	3	0.08
246	108	Y	101.9	3	0.13
247	109	Y	101.9	3	0.13
248	110	Y	101.9	3	0.13
249	111	Sc	87	3	0.08
250	112	Sc	87	3	0.08
251	113	Sc	87	3	0.08
252	114	Y	101.9	3	0.0291
253	115	Y	101.9	3	0.0291
254	116	Y	101.9	3	0.0291
255	117	Y	101.9	3	0.0292
256	118	Y	101.9	3	0.0292
257	119	Y	101.9	3	0.0292
258	120	Y	101.9	3	0.0294
259	121	Y	101.9	3	0.0294
260	122	Y	101.9	3	0.0294
261	123	Y	101.9	3	0.0298
262	124	Y	101.9	3	0.0298
263	125	Y	101.9	3	0.0298
264	126	Y	101.9	3	0.0287
265	127	Y	101.9	3	0.0287
266	128	Y	101.9	3	0.0287
267	129	Y	101.9	3	0.0778
268	130	Y	101.9	3	0.0778
269	131	Y	101.9	3	0.0778
270	132	Y	101.9	3	0.0796
271	133	Y	101.9	3	0.0796
272	134	Y	101.9	3	0.0796
273	135	Y	101.9	3	0.0763
274	136	Y	101.9	3	0.0763
275	137	Y	101.9	3	0.0763
276	138	Y	101.9	3	0.0854
277	139	Y	101.9	3	0.0854
278	140	Y	101.9	3	0.0854
279	141	Y	101.9	3	0.0885
280	142	Y	101.9	3	0.0885
281	143	Y	101.9	3	0.0885
282	144	Y	101.9	3	0.08
283	145	Y	101.9	3	0.08
284	146	Y	101.9	3	0.08
285	147	Y	101.9	3	0.08
286	148	Y	101.9	3	0.08
287	149	Y	101.9	3	0.08
288	150	Y	101.9	3	0.08
289	151	Y	101.9	3	0.08
290	152	Y	101.9	3	0.08
291	153	Y	101.9	3	0.08
292	154	Y	101.9	3	0.08
293	155	Y	101.9	3	0.08
294	156	Y	101.9	3	0.08
295	157	Y	101.9	3	0.08
296	158	Y	101.9	3	0.08
297	159	Y	101.9	3	0.08
298	160	Y	101.9	3	0.08
299	161	Y	101.9	3	0.08
300	162	Si	26	4	0.0011
301	162	Y	101.9	3	0.08
302	163	Si	26	4	0.0011
303	163	Y	101.9	3	0.08
304	164	Si	26	4	0.0011
305	164	Y	101.9	3	0.08
306	165	Si	26	4	0.0011
307	165	Y	101.9	3	0.08
308	166	Si	26	4	0.0011
309	166	Y	101.9	3	0.08
310	167	Si	26	4	0.0011
311	167	Y	101.9	3	0.08
312	168	Si	26	4	0.0011
313	168	Y	101.9	3	0.08
314	169	Si	26	4	0.0011
315	169	Y	101.9	3	0.08
316	170	Si	26	4	0.0011
317	170	Y	101.9	3	0.08
318	171	Si	26	4	0.0011
319	171	Y	101.9	3	0.08
320	172	Y	101.9	3	0.08
321	173	Y	101.9	3	0.08
322	174	Y	101.9	3	0.08
323	175	Fe	64.5	3	0.035
324	175	Sc	87	3	0.07
325	175	Ce	101.9	4	0.07
326	176	Y	101.9	3	0.08
327	177	Y	101.9	3	0.08
328	178	Y	101.9	3	0.08
329	179	Eu	112	3	0.001
330	179	Y	101.9	3	2.7
331	180	Eu	112	3	0.001
332	180	Y	101.9	3	3.6
333	181	Eu	112	3	0.001
334	181	Y	101.9	3	8
335	182	Eu	112	3	0.001
336	182	Y	101.9	3	12
337	183	Eu	112	3	0.001
338	183	Y	101.9	3	16
339	184	Eu	112	3	0.001
340	184	Y	101.9	3	35
341	185	Y	101.9	3	0.03
342	186	Y	101.9	3	0.03
343	187	Y	101.9	3	0.03
344	188	Y	101.9	3	0.03
345	189	Y	101.9	3	0.03
346	190	Y	101.9	3	0.03
347	191	Y	101.9	3	0.03
348	192	Y	101.9	3	0.03
349	193	Y	101.9	3	0.08
350	194	Y	101.9	3	0.0748
351	195	Y	101.9	3	0.0697
352	196	Y	101.9	3	0.0646
353	197	Y	101.9	3	0.0595
354	198	Y	101.9	3	0.0545
355	199	Y	101.9	3	0.015
356	200	Y	101.9	3	0.032
357	201	Y	101.9	3	0.05
358	202	Y	101.9	3	0.065
359	203	Y	101.9	3	0.091
360	204	Y	101.9	3	0.005
361	205	Y	101.9	3	0.015
362	206	Y	101.9	3	0.015
363	207	Y	101.9	3	0.065
364	208	Sc	87	3	0.09
365	208	Ce	105.3	4	0.01
366	209	Sc	87	3	0.09
367	209	Ce	105.3	4	0.01
368	210	Sc	87	3	0.09
369	210	Ce	105.3	4	0.01
370	211	Sc	87	3	0.09
371	211	Ce	105.3	4	0.01
372	212	Sc	87	3	0.09
373	212	Ce	105.3	4	0.01
374	213	Sc	87	3	0.09
375	213	Ce	105.3	4	0.01
376	214	Sc	87	3	0.09
377	214	Ce	105.3	4	0.01
378	215	Sc	87	3	0.09
379	215	Ce	105.3	4	0.01
380	216	Sc	87	3	0.09
381	216	Ce	105.3	4	0.01
382	217	Sc	87	3	0.09
383	217	Ce	105.3	4	0.01
384	218	Sc	87	3	0.09
385	218	Ce	105.3	4	0.01
386	219	Sc	87	3	0.09
387	219	Ce	105.3	4	0.01
388	220	Mn	83	2	0.03
389	220	Y	101.9	3	0.03
390	221	Mn	83	2	0.03
391	221	Y	101.9	3	0.03
392	222	Mn	83	2	0.052
393	222	Y	101.9	3	0.03
394	223	Mn	83	2	0.076
395	223	Y	101.9	3	0.03
396	224	Y	101.9	3	0.08
397	225	Y	101.9	3	0.03
398	226	Y	101.9	3	0.08
399	227	Y	101.9	3	0.08
400	228	Y	101.9	3	0.08
401	229	Y	101.9	3	0.03
402	230	Y	101.9	3	0.045
403	231	Ca	112	2	0.12
404	232	Bi	96	3	0.02
405	232	Ca	112	2	0.12
406	233	Bi	96	3	0.05
407	233	Ca	112	2	0.12
408	234	Bi	96	3	0.1
409	234	Ca	112	2	0.12
410	235	Y	101.9	3	0.03
411	236	Y	101.9	3	0.06
412	237	Y	101.9	3	0.08
413	238	Y	101.9	3	0.03
414	239	Y	101.9	3	0.08
415	240	Y	101.9	3	0.08
416	241	Y	101.9	3	0.08
417	242	Y	101.9	3	0.08
418	243	Y	101.9	3	0.08
419	244	Y	101.9	3	0.095
420	245	Y	101.9	3	0.095
421	246	Y	101.9	3	0.095
422	247	Y	101.9	3	0.095
423	248	Y	101.9	3	0.08
424	249	Y	101.9	3	0.08
425	250	Y	101.9	3	0.09
426	251	Y	101.9	3	0.09
427	252	Y	101.9	3	0.1
428	253	Y	101.9	3	0.1
429	254	Fe	64.5	3	0.02
430	254	Y	101.9	3	0.06
431	255	Fe	64.5	3	0.02
432	255	Y	101.9	3	0.06
433	256	Fe	64.5	3	0.02
434	256	Y	101.9	3	0.07
435	257	Fe	64.5	3	0.02
436	257	Y	101.9	3	0.07
437	258	Fe	64.5	3	0.02
438	258	Y	101.9	3	0.08
439	259	Fe	64.5	3	0.02
440	259	Y	101.9	3	0.08
441	260	Fe	64.5	3	0.02
442	260	Y	101.9	3	0.09
443	261	Fe	64.5	3	0.02
444	261	Y	101.9	3	0.09
445	262	Fe	64.5	3	0.02
446	262	Y	101.9	3	0.1
447	263	Fe	64.5	3	0.02
448	263	Y	101.9	3	0.1
449	264	Fe	64.5	3	0.02
450	264	Y	101.9	3	0.12
451	265	Fe	64.5	3	0.02
452	265	Y	101.9	3	0.12
453	266	Al	54	3	0.09
454	266	Y	101.9	3	0.08
455	267	Al	54	3	0.2
456	267	Y	101.9	3	0.03
457	268	Y	101.9	3	0.03
458	269	Y	101.9	3	0.08
459	270	Al	54	3	0.005
460	270	Y	101.9	3	0.08
461	271	Y	101.9	3	0.05
462	272	Y	101.9	3	0.089
463	273	Y	101.9	3	0.105
464	274	Y	101.9	3	0.115
465	275	Y	101.9	3	0.126
466	276	Y	101.9	3	0.155
467	277	Y	101.9	3	0.05
468	278	Y	101.9	3	0.068
469	279	Y	101.9	3	0.08
470	280	Y	101.9	3	0.09
471	281	Y	101.9	3	0.1
472	282	Y	101.9	3	0.01
473	283	Y	101.9	3	0.15
474	284	Y	101.9	3	0.2
475	285	Y	101.9	3	0.25
476	286	Y	101.9	3	0.05
477	287	Y	101.9	3	0.09
478	288	Y	101.9	3	0.105
479	289	Y	101.9	3	0.115
480	290	Y	101.9	3	0.154
481	291	Y	101.9	3	0.2
482	292	Y	101.9	3	0.125
483	293	Y	101.9	3	0.09
484	294	Y	101.9	3	0.09
485	295	Y	101.9	3	0.11
486	296	Y	101.9	3	0.05
487	297	Y	101.9	3	0.07
488	298	Y	101.9	3	0.08
489	299	Y	101.9	3	0.09
490	300	Y	101.9	3	0.1
491	301	Y	101.9	3	0.11
492	302	Y	101.9	3	0.15
493	303	Y	101.9	3	0.25
494	304	Y	101.9	3	0.06
495	305	Y	101.9	3	0.07
496	306	Y	101.9	3	0.11
497	307	Y	101.9	3	0.15
498	308	Y	101.9	3	0.2
499	309	Y	101.9	3	0.05
500	310	Y	101.9	3	0.088
501	311	Y	101.9	3	0.105
502	312	Y	101.9	3	0.115
503	313	Y	101.9	3	0.125
504	314	Y	101.9	3	0.155
505	315	Y	101.9	3	0.2
506	316	Y	101.9	3	0.05
507	317	Y	101.9	3	0.07
508	318	Y	101.9	3	0.08
509	319	Y	101.9	3	0.09
510	320	Y	101.9	3	0.1
511	321	Y	101.9	3	0.11
512	322	Y	101.9	3	0.15
513	323	Y	101.9	3	0.25
514	324	Sc	87	3	0.093
515	325	Sc	87	3	0.093
516	326	Sc	87	3	0.093
517	327	Sc	87	3	0.093
518	328	Sc	87	3	0.093
519	329	Sc	87	3	0.1
520	330	Sc	87	3	0.1
521	331	Sc	87	3	0.1
522	332	Sc	87	3	0.1
523	333	Sc	87	3	0.1
524	334	Sc	87	3	0.1
525	335	Sc	87	3	0.1
526	336	Sc	87	3	0.1
527	337	Sc	87	3	0.09
528	338	Sc	87	3	0.09
529	339	Sc	87	3	0.09
530	340	Sc	87	3	0.09
531	341	Sc	87	3	0.09
532	342	Sc	87	3	0.09
533	343	Sc	87	3	0.1
534	344	Sc	87	3	0.1
535	345	Sc	87	3	0.1
536	346	Sc	87	3	0.1
537	347	Sc	87	3	0.1
538	348	Sc	87	3	0.1
539	349	Sc	87	3	0.1
540	350	Sc	87	3	0.1
541	351	Sc	87	3	0.1
542	352	Sc	87	3	0.1
543	353	Sc	87	3	0.11
544	354	Sc	87	3	0.11
545	355	Sc	87	3	0.11
546	356	Sc	87	3	0.11
547	357	Sc	87	3	0.11
548	358	Sc	87	3	0.11
549	359	Sc	87	3	0.11
550	360	Sc	87	3	0.11
551	361	Sc	87	3	0.11
552	362	Sc	87	3	0.11
553	363	Sc	87	3	0.11
554	364	Y	101.9	3	0.16
555	365	Y	101.9	3	0.16
556	366	Y	101.9	3	0.16
557	367	Y	101.9	3	0.16
558	368	Y	101.9	3	0.16
559	369	Y	101.9	3	0.16
560	370	Y	101.9	3	0.16
561	371	Y	101.9	3	0.16
562	372	Y	101.9	3	0.16
563	373	Y	101.9	3	0.16
564	374	Y	101.9	3	0.16
565	375	Y	101.9	3	0.16
566	376	Ce	105.3	4	0.01
567	376	Sc	87	3	0.1
568	377	Ce	105.3	4	0.01
569	377	Sc	87	3	0.1
570	378	Ce	105.3	4	0.01
571	378	Sc	87	3	0.1
572	379	Ce	105.3	4	0.01
573	379	Sc	87	3	0.1
574	380	Ce	105.3	4	0.01
575	380	Sc	87	3	0.1
576	381	Ce	105.3	4	0.01
577	381	Sc	87	3	0.1
578	382	Ce	105.3	4	0.01
579	382	Sc	87	3	0.1
580	383	Ce	105.3	4	0.01
581	383	Sc	87	3	0.1
582	384	Ce	105.3	4	0.01
583	384	Sc	87	3	0.1
584	385	Ce	105.3	4	0.01
585	385	Sc	87	3	0.1
586	386	Ce	105.3	4	0.01
587	386	Sc	87	3	0.1
588	387	Ce	105.3	4	0.01
589	387	Sc	87	3	0.1
590	388	Ce	105.3	4	0.01
591	388	Sc	87	3	0.1
592	389	Ce	105.3	4	0.01
593	389	Sc	87	3	0.1
594	390	Ce	105.3	4	0.01
595	390	Sc	87	3	0.1
596	391	Ce	105.3	4	0.01
597	391	Sc	87	3	0.1
598	392	Ce	105.3	4	0.01
599	392	Sc	87	3	0.1
600	393	Ce	105.3	4	0.01
601	393	Sc	87	3	0.1
602	394	Ce	105.3	4	0.01
603	394	Sc	87	3	0.1
604	395	Ce	105.3	4	0.01
605	395	Sc	87	3	0.1
606	396	Ce	105.3	4	0.01
607	396	Sc	87	3	0.1
608	397	Ce	105.3	4	0.01
609	397	Sc	87	3	0.1
610	398	Ce	105.3	4	0.01
611	398	Sc	87	3	0.1
612	399	Ce	105.3	4	0.01
613	399	Sc	87	3	0.1
614	400	Ce	105.3	4	0.01
615	400	Sc	87	3	0.1
616	401	Ce	105.3	4	0.01
617	401	Sc	87	3	0.1
618	402	Ce	105.3	4	0.01
619	402	Sc	87	3	0.1
620	403	Ce	105.3	4	0.01
621	403	Sc	87	3	0.1
622	404	Ce	105.3	4	0.01
623	404	Sc	87	3	0.1
624	405	Ce	105.3	4	0.01
625	405	Sc	87	3	0.1
626	406	Ce	105.3	4	0.01
627	406	Sc	87	3	0.1
628	407	Ce	105.3	4	0.01
629	407	Sc	87	3	0.1
630	408	Ce	105.3	4	0.01
631	408	Sc	87	3	0.1
632	409	Ce	105.3	4	0.01
633	409	Sc	87	3	0.1
634	410	Ce	105.3	4	0.01
635	410	Sc	87	3	0.1
636	411	Yb	98.5	3	0.08
637	412	Yb	98.5	3	0.08
638	413	Yb	98.5	3	0.08
639	414	Yb	98.5	3	0.08
640	415	Yb	98.5	3	0.08
641	416	Yb	98.5	3	0.08
642	417	Yb	98.5	3	0.08
643	418	Yb	98.5	3	0.08
644	419	Yb	98.5	3	0.08
645	420	Yb	98.5	3	0.08
646	421	Yb	98.5	3	0.08
647	422	Yb	98.5	3	0.05
648	423	Yb	98.5	3	0.05
649	424	Yb	98.5	3	0.05
650	425	Yb	98.5	3	0.05
651	426	Yb	98.5	3	0.05
652	427	Yb	98.5	3	0.05
653	428	Yb	98.5	3	0.05
654	429	Yb	98.5	3	0.05
655	430	Yb	98.5	3	0.05
656	431	Yb	98.5	3	0.12
657	432	Yb	98.5	3	0.12
658	433	Yb	98.5	3	0.12
659	434	Yb	98.5	3	0.12
660	435	Yb	98.5	3	0.12
661	436	Yb	98.5	3	0.12
662	437	Yb	98.5	3	0.12
663	438	Yb	98.5	3	0.12
664	439	Yb	98.5	3	0.12
665	440	Yb	98.5	3	0.12
666	441	Yb	98.5	3	0.12
667	442	Yb	98.5	3	0.03
668	443	Yb	98.5	3	0.03
669	444	Yb	98.5	3	0.03
670	445	Yb	98.5	3	0.03
671	446	Yb	98.5	3	0.03
672	447	Yb	98.5	3	0.03
673	448	Yb	98.5	3	0.03
674	449	Yb	98.5	3	0.03
675	450	Yb	98.5	3	0.03
676	451	Yb	98.5	3	0.03
677	452	Yb	98.5	3	0.03
678	453	Yb	98.5	3	0.03
679	454	Sc	87	3	0.07
680	455	Sc	87	3	0.08
681	456	Sc	87	3	0.09
682	457	Sc	87	3	0.1
683	458	Sc	87	3	0.11
684	459	Sc	87	3	0.12
685	460	Sc	87	3	0.13
686	461	Sc	87	3	0.14
687	462	Sc	87	3	0.15
688	463	Yb	98.5	3	0.05
689	464	Yb	98.5	3	0.06
690	465	Yb	98.5	3	0.07
691	466	Yb	98.5	3	0.08
692	467	Yb	98.5	3	0.09
693	468	Yb	98.5	3	0.1
694	469	Yb	98.5	3	0.11
695	470	Yb	98.5	3	0.12
696	471	Yb	98.5	3	0.13
697	472	Yb	98.5	3	0.14
698	473	Er	100.4	3	0.05
699	474	Er	100.4	3	0.06
700	475	Er	100.4	3	0.07
701	476	Er	100.4	3	0.08
702	477	Er	100.4	3	0.09
703	478	Er	100.4	3	0.1
704	479	Er	100.4	3	0.11
705	480	Y	101.9	3	0.05
706	481	Y	101.9	3	0.06
707	482	Y	101.9	3	0.07
708	483	Y	101.9	3	0.08
709	484	Y	101.9	3	0.09
710	485	Y	101.9	3	0.1
711	486	Y	101.9	3	0.11
712	487	Gd	97	3	0.06
713	488	Gd	97	3	0.07
714	489	Gd	97	3	0.075
715	490	Gd	97	3	0.08
716	491	Gd	97	3	0.09
717	492	Gd	97	3	0.1
718	493	Gd	97	3	0.11
719	494	Gd	97	3	0.12
720	495	Gd	97	3	0.13
721	496	Gd	97	3	0.14
722	497	Gd	97	3	0.15
723	498	Dy	102.7	3	0.07
724	499	Dy	102.7	3	0.08
725	500	Dy	102.7	3	0.09
726	501	Dy	102.7	3	0.1
727	502	Y	101.9	3	0.08
728	503	Y	101.9	3	0.08
729	504	Y	101.9	3	0.08
730	505	Y	101.9	3	0.08
731	506	Y	101.9	3	0.08
732	507	Y	101.9	3	0.08
733	508	Y	101.9	3	0.08
734	509	Y	101.9	3	0.08
735	510	Y	101.9	3	0.08
736	511	Y	101.9	3	0.08
737	512	Y	101.9	3	0.08
738	513	Y	101.9	3	0.08
739	514	Y	101.9	3	0.08
740	515	Y	101.9	3	0.08
741	516	Y	101.9	3	0.08
742	517	Y	101.9	3	0.08
743	518	Y	101.9	3	0.05
744	518	Sc	87	3	0.05
745	519	Y	101.9	3	0.05
746	519	Sc	87	3	0.05
747	520	Y	101.9	3	0.05
748	520	Sc	87	3	0.05
749	521	Y	101.9	3	0.05
750	521	Sc	87	3	0.05
751	522	Y	101.9	3	0.05
752	522	Sc	87	3	0.05
753	523	Y	101.9	3	0.05
754	523	Sc	87	3	0.05
755	524	Y	101.9	3	0.05
756	524	Sc	87	3	0.05
757	525	Y	101.9	3	0.05
758	525	Sc	87	3	0.05
759	526	Y	101.9	3	0.05
760	526	Sc	87	3	0.05
761	527	Y	101.9	3	0.04
762	527	Sc	87	3	0.06
763	528	Y	101.9	3	0.04
764	528	Sc	87	3	0.06
765	529	Y	101.9	3	0.04
766	529	Sc	87	3	0.06
767	530	Y	101.9	3	0.04
768	530	Sc	87	3	0.06
769	531	Y	101.9	3	0.04
770	531	Sc	87	3	0.06
771	532	Y	101.9	3	0.04
772	532	Sc	87	3	0.06
773	533	Y	101.9	3	0.04
774	533	Sc	87	3	0.06
775	534	Y	101.9	3	0.04
776	534	Sc	87	3	0.06
777	535	Y	101.9	3	0.04
778	535	Sc	87	3	0.06
779	536	Y	101.9	3	0.04
780	536	Sc	87	3	0.06
781	537	Y	101.9	3	0.04
782	537	Sc	87	3	0.06
783	538	Y	101.9	3	0.04
784	538	Sc	87	3	0.06
785	539	Y	101.9	3	0.04
786	539	Sc	87	3	0.06
787	540	Y	101.9	3	0.04
788	540	Sc	87	3	0.06
789	541	Sc	87	3	0.1
790	542	Sc	87	3	0.1
791	543	Sc	87	3	0.1
792	544	Sc	87	3	0.1
793	545	Sc	87	3	0.1
794	546	Sc	87	3	0.1
795	547	Sc	87	3	0.1
796	548	Sc	87	3	0.1
797	549	Sc	87	3	0.1
798	550	Sc	87	3	0.1
799	551	Sc	87	3	0.1
800	552	Sc	87	3	0.1
801	553	Sc	87	3	0.1
802	554	Sc	87	3	0.1
803	555	Sc	87	3	0.1
804	556	Y	101.9	3	0.05
805	556	Sc	87	3	0.05
806	557	Y	101.9	3	0.05
807	557	Sc	87	3	0.05
808	558	Y	101.9	3	0.05
809	558	Sc	87	3	0.05
810	559	Y	101.9	3	0.05
811	559	Sc	87	3	0.05
812	560	Y	101.9	3	0.05
813	560	Sc	87	3	0.05
814	561	Y	101.9	3	0.05
815	561	Sc	87	3	0.05
816	562	Y	101.9	3	0.04
817	562	Sc	87	3	0.06
818	563	Y	101.9	3	0.04
819	563	Sc	87	3	0.06
820	564	Y	101.9	3	0.04
821	564	Sc	87	3	0.06
822	565	Y	101.9	3	0.04
823	565	Sc	87	3	0.06
824	566	Y	101.9	3	0.04
825	566	Sc	87	3	0.06
826	567	Y	101.9	3	0.04
827	567	Sc	87	3	0.06
828	568	Y	101.9	3	0.03
829	568	Sc	87	3	0.07
830	569	Y	101.9	3	0.03
831	569	Sc	87	3	0.07
832	570	Y	101.9	3	0.03
833	570	Sc	87	3	0.07
834	571	Y	101.9	3	0.03
835	571	Sc	87	3	0.07
836	572	Y	101.9	3	0.03
837	572	Sc	87	3	0.07
838	573	Y	101.9	3	0.03
839	573	Sc	87	3	0.07
840	574	Y	101.9	3	0.02
841	574	Sc	87	3	0.08
842	575	Y	101.9	3	0.02
843	575	Sc	87	3	0.08
844	576	Y	101.9	3	0.02
845	576	Sc	87	3	0.08
846	577	Y	101.9	3	0.02
847	577	Sc	87	3	0.08
848	578	Y	101.9	3	0.02
849	578	Sc	87	3	0.08
850	579	Y	101.9	3	0.02
851	579	Sc	87	3	0.08
852	580	Y	101.9	3	0.01
853	580	Sc	87	3	0.09
854	581	Y	101.9	3	0.01
855	581	Sc	87	3	0.09
856	582	Y	101.9	3	0.01
857	582	Sc	87	3	0.09
858	583	Y	101.9	3	0.01
859	583	Sc	87	3	0.09
860	584	Y	101.9	3	0.01
861	584	Sc	87	3	0.09
862	585	Y	101.9	3	0.01
863	585	Sc	87	3	0.09
864	586	Y	101.9	3	0.05
865	586	Sc	87	3	0.05
866	587	Y	101.9	3	0.05
867	587	Sc	87	3	0.05
868	588	Y	101.9	3	0.05
869	588	Sc	87	3	0.05
870	589	Y	101.9	3	0.05
871	589	Sc	87	3	0.05
872	590	Y	101.9	3	0.05
873	590	Sc	87	3	0.05
874	591	Y	101.9	3	0.05
875	591	Sc	87	3	0.05
876	592	Y	101.9	3	0.04
877	592	Sc	87	3	0.06
878	593	Y	101.9	3	0.04
879	593	Sc	87	3	0.06
880	594	Y	101.9	3	0.04
881	594	Sc	87	3	0.06
882	595	Y	101.9	3	0.04
883	595	Sc	87	3	0.06
884	596	Y	101.9	3	0.04
885	596	Sc	87	3	0.06
886	597	Y	101.9	3	0.04
887	597	Sc	87	3	0.06
888	598	Y	101.9	3	0.03
889	598	Sc	87	3	0.07
890	599	Y	101.9	3	0.03
891	599	Sc	87	3	0.07
892	600	Y	101.9	3	0.03
893	600	Sc	87	3	0.07
894	601	Y	101.9	3	0.03
895	601	Sc	87	3	0.07
896	602	Y	101.9	3	0.03
897	602	Sc	87	3	0.07
898	603	Y	101.9	3	0.03
899	603	Sc	87	3	0.07
900	604	Y	101.9	3	0.02
901	604	Sc	87	3	0.08
902	605	Y	101.9	3	0.02
903	605	Sc	87	3	0.08
904	606	Y	101.9	3	0.02
905	606	Sc	87	3	0.08
906	607	Y	101.9	3	0.02
907	607	Sc	87	3	0.08
908	608	Y	101.9	3	0.02
909	608	Sc	87	3	0.08
910	609	Y	101.9	3	0.02
911	609	Sc	87	3	0.08
912	610	Y	101.9	3	0.01
913	610	Sc	87	3	0.09
914	611	Y	101.9	3	0.01
915	611	Sc	87	3	0.09
916	612	Y	101.9	3	0.01
917	612	Sc	87	3	0.09
918	613	Y	101.9	3	0.01
919	613	Sc	87	3	0.09
920	614	Y	101.9	3	0.01
921	614	Sc	87	3	0.09
922	615	Y	101.9	3	0.01
923	615	Sc	87	3	0.09
924	616	Y	101.9	3	0.08
925	617	Y	101.9	3	0.08
926	618	Y	101.9	3	0.08
927	619	Y	101.9	3	0.08
928	620	Y	101.9	3	0.08
929	621	Y	101.9	3	0.08
930	622	Y	101.9	3	0.08
931	623	Y	101.9	3	0.08
932	624	Y	101.9	3	0.08
933	625	Y	101.9	3	0.08
934	626	Y	101.9	3	0.08
935	627	Y	101.9	3	0.08
936	628	Y	101.9	3	0.08
937	629	Y	101.9	3	0.08
938	630	Y	101.9	3	0.08
939	631	Y	101.9	3	0.08
940	632	Y	101.9	3	0.08
941	633	Y	101.9	3	0.08
942	634	Y	101.9	3	0.08
943	635	Y	101.9	3	0.08
944	636	Y	101.9	3	0.08
945	637	Y	101.9	3	0.08
946	638	Y	101.9	3	0.08
947	639	Y	101.9	3	0.08
948	640	Y	101.9	3	0.08
949	641	Y	101.9	3	0.08
950	642	Y	101.9	3	0.08
951	643	Y	101.9	3	0.08
952	644	Y	101.9	3	0.08
953	645	Y	101.9	3	0.08
954	646	Y	101.9	3	0.08
955	647	Y	101.9	3	0.08
956	648	Y	101.9	3	0.08
957	649	Y	101.9	3	0.08
958	650	Y	101.9	3	0.08
959	651	Y	101.9	3	0.08
960	652	Y	101.9	3	0.08
961	653	Y	101.9	3	0.08
962	654	Y	101.9	3	0.08
963	655	Y	101.9	3	0.08
964	656	Y	101.9	3	0.08
965	657	Y	101.9	3	0.08
966	658	Y	101.9	3	0.08
967	659	Y	101.9	3	0.08
968	660	Y	101.9	3	0.08
969	661	Y	101.9	3	0.08
970	662	Y	101.9	3	0.08
971	663	Y	101.9	3	0.08
972	664	Y	101.9	3	0.08
973	665	Sc	87	3	0.01
974	665	Y	101.9	3	0.08
975	666	Sc	87	3	0.01
976	666	Y	101.9	3	0.08
977	667	Sc	87	3	0.01
978	667	Y	101.9	3	0.08
979	668	Sc	87	3	0.01
980	668	Y	101.9	3	0.08
981	669	Sc	87	3	0.01
982	669	Y	101.9	3	0.08
983	670	Sc	87	3	0.01
984	670	Y	101.9	3	0.08
985	671	Sc	87	3	0.01
986	671	Y	101.9	3	0.08
987	672	Sc	87	3	0.01
988	672	Y	101.9	3	0.08
989	673	Sc	87	3	0.01
990	673	Y	101.9	3	0.08
991	674	Sc	87	3	0.01
992	674	Y	101.9	3	0.08
993	675	Sc	87	3	0.01
994	675	Y	101.9	3	0.08
995	676	Sc	87	3	0.02
996	676	Y	101.9	3	0.08
997	677	Sc	87	3	0.02
998	677	Y	101.9	3	0.08
999	678	Sc	87	3	0.02
1000	678	Y	101.9	3	0.08
1001	679	Sc	87	3	0.02
1002	679	Y	101.9	3	0.08
1003	680	Sc	87	3	0.02
1004	680	Y	101.9	3	0.08
1005	681	Sc	87	3	0.02
1006	681	Y	101.9	3	0.08
1007	682	Sc	87	3	0.02
1008	682	Y	101.9	3	0.08
1009	683	Sc	87	3	0.02
1010	683	Y	101.9	3	0.08
1011	684	Sc	87	3	0.02
1012	684	Y	101.9	3	0.08
1013	685	Sc	87	3	0.02
1014	685	Y	101.9	3	0.08
1015	686	Sc	87	3	0.02
1016	686	Y	101.9	3	0.08
1017	687	Sc	87	3	0.02
1018	687	Y	101.9	3	0.08
1019	688	Sc	87	3	0.02
1020	688	Y	101.9	3	0.08
1021	689	Sc	87	3	0.02
1022	689	Y	101.9	3	0.08
1023	690	Sc	87	3	0.02
1024	690	Y	101.9	3	0.08
1025	691	Sc	87	3	0.02
1026	691	Y	101.9	3	0.08
1027	692	Sc	87	3	0.03
1028	692	Y	101.9	3	0.08
1029	693	Sc	87	3	0.03
1030	693	Y	101.9	3	0.08
1031	694	Sc	87	3	0.03
1032	694	Y	101.9	3	0.08
1033	695	Sc	87	3	0.03
1034	695	Y	101.9	3	0.08
1035	696	Sc	87	3	0.03
1036	696	Y	101.9	3	0.08
1037	697	Sc	87	3	0.03
1038	697	Y	101.9	3	0.08
1039	698	Sc	87	3	0.03
1040	698	Y	101.9	3	0.08
1041	699	Sc	87	3	0.03
1042	699	Y	101.9	3	0.08
1043	700	Sc	87	3	0.03
1044	700	Y	101.9	3	0.08
1045	701	Sc	87	3	0.03
1046	701	Y	101.9	3	0.08
1047	702	Sc	87	3	0.03
1048	702	Y	101.9	3	0.08
1049	703	Sc	87	3	0.03
1050	703	Y	101.9	3	0.08
1051	704	Sc	87	3	0.03
1052	704	Y	101.9	3	0.08
1053	705	Sc	87	3	0.03
1054	705	Y	101.9	3	0.08
1055	706	Sc	87	3	0.03
1056	706	Y	101.9	3	0.08
1057	707	Sc	87	3	0.03
1058	707	Y	101.9	3	0.08
1059	708	Sc	87	3	0.04
1060	708	Y	101.9	3	0.08
1061	709	Sc	87	3	0.04
1062	709	Y	101.9	3	0.08
1063	710	Sc	87	3	0.04
1064	710	Y	101.9	3	0.08
1065	711	Sc	87	3	0.04
1066	711	Y	101.9	3	0.08
1067	712	Sc	87	3	0.04
1068	712	Y	101.9	3	0.08
1069	713	Sc	87	3	0.04
1070	713	Y	101.9	3	0.08
1071	714	Sc	87	3	0.04
1072	714	Y	101.9	3	0.08
1073	715	Sc	87	3	0.04
1074	715	Y	101.9	3	0.08
1075	716	Sc	87	3	0.04
1076	716	Y	101.9	3	0.08
1077	717	Sc	87	3	0.04
1078	717	Y	101.9	3	0.08
1079	718	Sc	87	3	0.04
1080	718	Y	101.9	3	0.08
1081	719	Sc	87	3	0.04
1082	719	Y	101.9	3	0.08
1083	720	Sc	87	3	0.04
1084	720	Y	101.9	3	0.08
1085	721	Sc	87	3	0.04
1086	721	Y	101.9	3	0.08
1087	722	Sc	87	3	0.04
1088	722	Y	101.9	3	0.08
1089	723	Sc	87	3	0.04
1090	723	Y	101.9	3	0.08
1091	724	Sc	87	3	0.03
1092	724	Y	101.9	3	0.08
1093	725	Sc	87	3	0.03
1094	725	Y	101.9	3	0.08
1095	726	Sc	87	3	0.03
1096	726	Y	101.9	3	0.08
1097	727	Sc	87	3	0.03
1098	727	Y	101.9	3	0.08
1099	728	Sc	87	3	0.03
1100	728	Y	101.9	3	0.08
1101	729	Sc	87	3	0.03
1102	729	Y	101.9	3	0.08
1103	730	Sc	87	3	0.03
1104	730	Y	101.9	3	0.08
1105	731	Sc	87	3	0.03
1106	731	Y	101.9	3	0.08
1107	732	Sc	87	3	0.03
1108	732	Y	101.9	3	0.08
1109	733	Sc	87	3	0.03
1110	733	Y	101.9	3	0.08
1111	734	Sc	87	3	0.03
1112	734	Y	101.9	3	0.08
1113	735	Sc	87	3	0.03
1114	735	Y	101.9	3	0.08
1115	736	Sc	87	3	0.03
1116	736	Y	101.9	3	0.08
1117	737	Sc	87	3	0.03
1118	737	Y	101.9	3	0.08
1119	738	Sc	87	3	0.03
1120	738	Y	101.9	3	0.08
1121	739	Sc	87	3	0.03
1122	739	Y	101.9	3	0.08
1123	740	Sc	87	3	0.11
1124	741	Sc	87	3	0.11
1125	742	Sc	87	3	0.11
1126	743	Sc	87	3	0.11
1127	744	Sc	87	3	0.11
1128	745	Sc	87	3	0.11
1129	746	Sc	87	3	0.11
1130	747	Sc	87	3	0.11
1131	748	Sc	87	3	0.11
1132	749	Sc	87	3	0.11
1133	750	Sc	87	3	0.11
1134	751	Sc	87	3	0.11
1135	752	Sc	87	3	0.11
1136	753	Sc	87	3	0.11
1137	754	Sc	87	3	0.11
1138	755	Sc	87	3	0.11
1139	756	Sc	87	3	0.11
1140	757	Sc	87	3	0.11
1141	758	Sc	87	3	0.11
1142	759	Sc	87	3	0.11
1143	760	Sc	87	3	0.11
1144	761	Sc	87	3	0.11
1145	762	Sc	87	3	0.11
1146	763	Sc	87	3	0.11
1147	764	Sc	87	3	0.11
1148	765	Sc	87	3	0.11
1149	766	Sc	87	3	0.11
1150	767	Sc	87	3	0.11
1151	768	Sc	87	3	0.11
1152	769	Sc	87	3	0.11
1153	770	Sc	87	3	0.11
1154	771	Sc	87	3	0.11
1155	772	Sc	87	3	0.11
1156	773	Sc	87	3	0.11
1157	774	Sc	87	3	0.11
1158	775	Sc	87	3	0.11
1159	776	Sc	87	3	0.11
1160	777	Sc	87	3	0.11
1161	778	Sc	87	3	0.11
1162	779	Sc	87	3	0.11
1163	780	Sc	87	3	0.11
1164	781	Sc	87	3	0.11
1165	782	Sc	87	3	0.11
1166	783	Sc	87	3	0.11
1167	784	Sc	87	3	0.11
1168	785	Sc	87	3	0.11
1169	786	Sc	87	3	0.11
1170	787	Sc	87	3	0.11
1171	788	Sc	87	3	0.11
1172	789	Sc	87	3	0.11
1173	790	Sc	87	3	0.11
1174	791	Sc	87	3	0.11
1175	792	Sc	87	3	0.11
1176	793	Sc	87	3	0.11
1177	794	Sc	87	3	0.11
1178	795	Sc	87	3	0.11
1179	796	Sc	87	3	0.11
1180	797	Sc	87	3	0.11
1181	798	Sc	87	3	0.11
1182	799	Sc	87	3	0.11
1183	800	Sc	87	3	0.11
1184	801	Sc	87	3	0.11
1185	802	Sc	87	3	0.11
1186	803	Sc	87	3	0.03
1187	803	Y	101.9	3	0.08
1188	804	Sc	87	3	0.03
1189	804	Y	101.9	3	0.08
1190	805	Sc	87	3	0.03
1191	805	Y	101.9	3	0.08
1192	806	Sc	87	3	0.03
1193	806	Y	101.9	3	0.08
1194	807	Sc	87	3	0.03
1195	807	Y	101.9	3	0.08
1196	808	Sc	87	3	0.03
1197	808	Y	101.9	3	0.08
1198	809	Sc	87	3	0.03
1199	809	Y	101.9	3	0.08
1200	810	Sc	87	3	0.03
1201	810	Y	101.9	3	0.08
1202	811	Sc	87	3	0.03
1203	811	Y	101.9	3	0.08
1204	812	Sc	87	3	0.03
1205	812	Y	101.9	3	0.08
1206	813	Sc	87	3	0.03
1207	813	Y	101.9	3	0.08
1208	814	Sc	87	3	0.03
1209	814	Y	101.9	3	0.08
1210	815	Sc	87	3	0.03
1211	815	Y	101.9	3	0.08
1212	816	Sc	87	3	0.03
1213	816	Y	101.9	3	0.08
1214	817	Sc	87	3	0.03
1215	817	Y	101.9	3	0.08
1216	818	Sc	87	3	0.03
1217	818	Y	101.9	3	0.08
1218	819	Sc	87	3	0.03
1219	819	Y	101.9	3	0.08
1220	820	Sc	87	3	0.03
1221	820	Y	101.9	3	0.08
1222	821	Sc	87	3	0.03
1223	821	Y	101.9	3	0.08
1224	822	Sc	87	3	0.03
1225	822	Y	101.9	3	0.08
1226	823	Sc	87	3	0.03
1227	823	Y	101.9	3	0.08
1228	824	Sc	87	3	0.03
1229	824	Y	101.9	3	0.08
1230	825	Sc	87	3	0.03
1231	825	Y	101.9	3	0.08
1232	826	Sc	87	3	0.03
1233	826	Y	101.9	3	0.08
1234	827	Sc	87	3	0.03
1235	827	Y	101.9	3	0.08
1236	828	Sc	87	3	0.03
1237	828	Y	101.9	3	0.08
1238	829	Sc	87	3	0.03
1239	829	Y	101.9	3	0.08
1240	830	Sc	87	3	0.03
1241	830	Y	101.9	3	0.08
1242	831	Sc	87	3	0.03
1243	831	Y	101.9	3	0.08
1244	832	Sc	87	3	0.03
1245	832	Y	101.9	3	0.08
1246	833	Sc	87	3	0.03
1247	833	Y	101.9	3	0.08
1248	834	Sc	87	3	0.03
1249	834	Y	101.9	3	0.08
1250	835	Sc	87	3	0.03
1251	835	Y	101.9	3	0.08
1252	836	Sc	87	3	0.03
1253	836	Y	101.9	3	0.08
1254	837	Sc	87	3	0.03
1255	837	Y	101.9	3	0.08
1256	838	Sc	87	3	0.03
1257	838	Y	101.9	3	0.08
1258	839	Sc	87	3	0.03
1259	839	Y	101.9	3	0.08
1260	840	Sc	87	3	0.03
1261	840	Y	101.9	3	0.08
1262	841	Sc	87	3	0.03
1263	841	Y	101.9	3	0.08
1264	842	Sc	87	3	0.03
1265	842	Y	101.9	3	0.08
1266	843	Sc	87	3	0.03
1267	843	Y	101.9	3	0.08
1268	844	Sc	87	3	0.03
1269	844	Y	101.9	3	0.08
1270	845	Sc	87	3	0.03
1271	845	Y	101.9	3	0.08
1272	846	Sc	87	3	0.03
1273	846	Y	101.9	3	0.08
1274	847	Sc	87	3	0.03
1275	847	Y	101.9	3	0.08
1276	848	Sc	87	3	0.03
1277	848	Y	101.9	3	0.08
1278	849	Sc	87	3	0.03
1279	849	Y	101.9	3	0.08
1280	850	Sc	87	3	0.03
1281	850	Y	101.9	3	0.08
1282	851	Y	101.9	3	0.08
1283	852	Y	101.9	3	0.08
1284	853	Y	101.9	3	0.08
1285	854	Y	101.9	3	0.08
1286	855	Y	101.9	3	0.08
1287	856	Y	101.9	3	0.08
1288	857	Y	101.9	3	0.08
1289	858	Y	101.9	3	0.08
1290	859	Y	101.9	3	0.08
1291	860	Y	101.9	3	0.08
1292	861	Y	101.9	3	0.08
1293	862	Y	101.9	3	0.08
1294	863	Y	101.9	3	0.08
1295	864	Y	101.9	3	0.08
1296	865	Y	101.9	3	0.08
1297	866	Y	101.9	3	0.08
1298	867	Y	101.9	3	0.08
1299	868	Y	101.9	3	0.08
1300	869	Bi	96	3	0.03
1301	869	Y	101.9	3	0.08
1302	870	Bi	96	3	0.03
1303	870	Y	101.9	3	0.08
1304	871	Bi	96	3	0.03
1305	871	Y	101.9	3	0.08
1306	872	Bi	96	3	0.03
1307	872	Y	101.9	3	0.08
1308	873	Bi	96	3	0.03
1309	873	Y	101.9	3	0.08
1310	874	Bi	96	3	0.03
1311	874	Y	101.9	3	0.08
1312	875	Bi	96	3	0.03
1313	875	Y	101.9	3	0.08
1314	876	Bi	96	3	0.03
1315	876	Y	101.9	3	0.08
1316	877	Bi	96	3	0.03
1317	877	Y	101.9	3	0.08
1318	878	Bi	96	3	0.03
1319	878	Y	101.9	3	0.08
1320	879	Bi	96	3	0.03
1321	879	Y	101.9	3	0.08
1322	880	Bi	96	3	0.03
1323	880	Y	101.9	3	0.08
1324	881	Bi	96	3	0.05
1325	881	Y	101.9	3	0.08
1326	882	Bi	96	3	0.05
1327	882	Y	101.9	3	0.08
1328	883	Bi	96	3	0.05
1329	883	Y	101.9	3	0.08
1330	884	Bi	96	3	0.05
1331	884	Y	101.9	3	0.08
1332	885	Bi	96	3	0.05
1333	885	Y	101.9	3	0.08
1334	886	Bi	96	3	0.05
1335	886	Y	101.9	3	0.08
1336	887	Bi	96	3	0.05
1337	887	Y	101.9	3	0.08
1338	888	Bi	96	3	0.05
1339	888	Y	101.9	3	0.08
1340	889	Bi	96	3	0.05
1341	889	Y	101.9	3	0.08
1342	890	Bi	96	3	0.05
1343	890	Y	101.9	3	0.08
1344	891	Bi	96	3	0.05
1345	891	Y	101.9	3	0.08
1346	892	Bi	96	3	0.05
1347	892	Y	101.9	3	0.08
1348	893	Bi	96	3	0.05
1349	893	Y	101.9	3	0.08
1350	894	Bi	96	3	0.05
1351	894	Y	101.9	3	0.08
1352	895	Bi	96	3	0.05
1353	895	Y	101.9	3	0.08
1354	896	Bi	96	3	0.1
1355	896	Y	101.9	3	0.08
1356	897	Bi	96	3	0.1
1357	897	Y	101.9	3	0.08
1358	898	Bi	96	3	0.1
1359	898	Y	101.9	3	0.08
1360	899	Bi	96	3	0.1
1361	899	Y	101.9	3	0.08
1362	900	Bi	96	3	0.1
1363	900	Y	101.9	3	0.08
1364	901	Bi	96	3	0.1
1365	901	Y	101.9	3	0.08
1366	902	Bi	96	3	0.1
1367	902	Y	101.9	3	0.08
1368	903	Bi	96	3	0.1
1369	903	Y	101.9	3	0.08
1370	904	Bi	96	3	0.1
1371	904	Y	101.9	3	0.08
1372	905	Bi	96	3	0.1
1373	905	Y	101.9	3	0.08
1374	906	Bi	96	3	0.1
1375	906	Y	101.9	3	0.08
1376	907	Bi	96	3	0.1
1377	907	Y	101.9	3	0.08
1378	908	Bi	96	3	0.1
1379	908	Y	101.9	3	0.08
1380	909	Bi	96	3	0.1
1381	909	Y	101.9	3	0.08
1382	910	Bi	96	3	0.1
1383	910	Y	101.9	3	0.08
1384	911	Bi	96	3	0.1
1385	911	Y	101.9	3	0.08
1386	912	Bi	96	3	0.1
1387	912	Y	101.9	3	0.08
1388	913	Bi	96	3	0.1
1389	913	Y	101.9	3	0.08
1390	914	Y	101.9	3	0.08
1391	915	Y	101.9	3	0.08
1392	916	Y	101.9	3	0.08
1393	917	Y	101.9	3	0.08
1394	918	Y	101.9	3	0.08
1395	919	Y	101.9	3	0.08
1396	920	Y	101.9	3	0.08
1397	921	Y	101.9	3	0.08
1398	922	Y	101.9	3	0.08
1399	923	Y	101.9	3	0.08
1400	924	Y	101.9	3	0.08
1401	925	Y	101.9	3	0.08
1402	926	Y	101.9	3	0.08
1403	927	Y	101.9	3	0.08
1404	928	Y	101.9	3	0.08
1405	929	Y	101.9	3	0.08
1406	930	Y	101.9	3	0.08
1407	931	Y	101.9	3	0.08
1408	932	Y	101.9	3	0.08
1409	933	Y	101.9	3	0.08
1410	934	Y	101.9	3	0.08
1411	935	Y	101.9	3	0.08
1412	936	Y	101.9	3	0.08
1413	937	Y	101.9	3	0.08
1414	938	Y	101.9	3	0.08
1415	939	Y	101.9	3	0.08
1416	940	Y	101.9	3	0.08
1417	941	Y	101.9	3	0.08
1418	942	Y	101.9	3	0.08
1419	943	Y	101.9	3	0.08
1420	944	Y	101.9	3	0.08
1421	945	Y	101.9	3	0.08
1422	946	Y	101.9	3	0.08
1423	947	Y	101.9	3	0.08
1424	948	Y	101.9	3	0.08
1425	949	Y	101.9	3	0.08
1426	950	Y	101.9	3	0.08
1427	951	Y	101.9	3	0.08
1428	952	Y	101.9	3	0.08
1429	953	Y	101.9	3	0.08
1430	954	Y	101.9	3	0.08
1431	955	Y	101.9	3	0.08
1432	956	Y	101.9	3	0.08
1433	957	Y	101.9	3	0.08
1434	958	Y	101.9	3	0.08
1435	959	Y	101.9	3	0.08
1436	960	Y	101.9	3	0.08
1437	961	Y	101.9	3	0.08
1438	962	Y	101.9	3	0.08
1439	963	Y	101.9	3	0.08
1440	964	Y	101.9	3	0.08
1441	965	Y	101.9	3	0.08
1442	966	Y	101.9	3	0.08
1443	967	Y	101.9	3	0.08
1444	968	Y	101.9	3	0.08
1445	969	Y	101.9	3	0.08
1446	970	Y	101.9	3	0.08
1447	971	Y	101.9	3	0.08
1448	972	Y	101.9	3	0.08
1449	973	Y	101.9	3	0.08
1450	974	Y	101.9	3	0.08
1451	975	Y	101.9	3	0.08
1452	976	Y	101.9	3	0.08
1453	977	Y	101.9	3	0.08
1454	978	Y	101.9	3	0.08
1455	979	Y	101.9	3	0.08
1456	980	Y	101.9	3	0.08
1457	981	Y	101.9	3	0.08
1458	982	Y	101.9	3	0.08
1459	983	Y	101.9	3	0.08
1460	984	Y	101.9	3	0.08
1461	985	Y	101.9	3	0.08
1462	986	Y	101.9	3	0.08
1463	987	Y	101.9	3	0.08
1464	988	Y	101.9	3	0.08
1465	989	Y	101.9	3	0.08
1466	990	Y	101.9	3	0.08
1467	991	Y	101.9	3	0.08
1468	992	Y	101.9	3	0.08
1469	993	Y	101.9	3	0.08
1470	994	Y	101.9	3	0.08
1471	995	Y	101.9	3	0.08
1472	996	Y	101.9	3	0.08
1473	997	Y	101.9	3	0.08
1474	998	Y	101.9	3	0.08
1475	999	Y	101.9	3	0.08
1476	1000	Y	101.9	3	0.08
1477	1001	Y	101.9	3	0.08
1478	1002	Y	101.9	3	0.08
1479	1003	Y	101.9	3	0.08
1480	1004	Y	101.9	3	0.08
1481	1005	Yb	98.5	3	0.02
1482	1005	Y	101.9	3	0.02
1483	1005	Sc	87	3	0.02
1484	1005	Ce	105.3	4	0.02
1485	1005	In	80	3	0.02
1486	1006	Yb	98.5	3	0.02
1487	1006	Y	101.9	3	0.02
1488	1006	Sc	87	3	0.02
1489	1006	Ce	105.3	4	0.02
1490	1006	In	80	3	0.02
1491	1007	Yb	98.5	3	0.02
1492	1007	Y	101.9	3	0.02
1493	1007	Sc	87	3	0.02
1494	1007	Ce	105.3	4	0.02
1495	1007	In	80	3	0.02
1496	1008	Yb	98.5	3	0.02
1497	1008	Y	101.9	3	0.02
1498	1008	Sc	87	3	0.02
1499	1008	Ce	105.3	4	0.02
1500	1008	In	80	3	0.02
1501	1009	Yb	98.5	3	0.02
1502	1009	Y	101.9	3	0.02
1503	1009	Sc	87	3	0.02
1504	1009	Ce	105.3	4	0.02
1505	1009	In	80	3	0.02
1506	1010	Yb	98.5	3	0.02
1507	1010	Y	101.9	3	0.02
1508	1010	Sc	87	3	0.02
1509	1010	Ce	105.3	4	0.02
1510	1010	In	80	3	0.02
1511	1011	Yb	98.5	3	0.02
1512	1011	Y	101.9	3	0.02
1513	1011	Sc	87	3	0.02
1514	1011	Ce	105.3	4	0.02
1515	1011	Al	54	3	0.02
1516	1012	Yb	98.5	3	0.02
1517	1012	Y	101.9	3	0.02
1518	1012	Sc	87	3	0.02
1519	1012	Ce	105.3	4	0.02
1520	1012	Al	54	3	0.02
1521	1013	Yb	98.5	3	0.02
1522	1013	Y	101.9	3	0.02
1523	1013	Sc	87	3	0.02
1524	1013	Ce	105.3	4	0.02
1525	1013	Al	54	3	0.02
1526	1014	Yb	98.5	3	0.02
1527	1014	Y	101.9	3	0.02
1528	1014	Sc	87	3	0.02
1529	1014	Ce	105.3	4	0.02
1530	1014	Al	54	3	0.02
1531	1015	Yb	98.5	3	0.02
1532	1015	Y	101.9	3	0.02
1533	1015	Sc	87	3	0.02
1534	1015	Ce	105.3	4	0.02
1535	1015	Al	54	3	0.02
1536	1016	Yb	98.5	3	0.02
1537	1016	Y	101.9	3	0.02
1538	1016	Sc	87	3	0.02
1539	1016	Ce	105.3	4	0.02
1540	1016	Al	54	3	0.02
1541	1017	Yb	98.5	3	0.02
1542	1017	Y	101.9	3	0.02
1543	1017	Sc	87	3	0.02
1544	1017	Ce	105.3	4	0.02
1545	1017	Er	100.4	3	0.02
1546	1018	Yb	98.5	3	0.02
1547	1018	Y	101.9	3	0.02
1548	1018	Sc	87	3	0.02
1549	1018	Ce	105.3	4	0.02
1550	1018	Er	100.4	3	0.02
1551	1019	Yb	98.5	3	0.02
1552	1019	Y	101.9	3	0.02
1553	1019	Sc	87	3	0.02
1554	1019	Ce	105.3	4	0.02
1555	1019	Er	100.4	3	0.02
1556	1020	Yb	98.5	3	0.02
1557	1020	Y	101.9	3	0.02
1558	1020	Sc	87	3	0.02
1559	1020	Ce	105.3	4	0.02
1560	1020	Er	100.4	3	0.02
1561	1021	Yb	98.5	3	0.02
1562	1021	Y	101.9	3	0.02
1563	1021	Sc	87	3	0.02
1564	1021	Ce	105.3	4	0.02
1565	1021	Er	100.4	3	0.02
1566	1022	Yb	98.5	3	0.02
1567	1022	Y	101.9	3	0.02
1568	1022	Sc	87	3	0.02
1569	1022	Ce	105.3	4	0.02
1570	1022	Er	100.4	3	0.02
1571	1023	Y	101.9	3	0.04
1572	1023	Sc	87	3	0.06
1573	1023	Ce	105.3	4	0.01
1574	1024	Y	101.9	3	0.04
1575	1024	Sc	87	3	0.06
1576	1024	Ce	105.3	4	0.01
1577	1025	Y	101.9	3	0.04
1578	1025	Sc	87	3	0.06
1579	1025	Ce	105.3	4	0.01
1580	1026	Y	101.9	3	0.04
1581	1026	Sc	87	3	0.06
1582	1026	Ce	105.3	4	0.01
1583	1027	Y	101.9	3	0.04
1584	1027	Sc	87	3	0.06
1585	1027	Ce	105.3	4	0.01
1586	1028	Y	101.9	3	0.04
1587	1028	Sc	87	3	0.06
1588	1028	Ce	105.3	4	0.01
1589	1029	Y	101.9	3	0.04
1590	1029	Sc	87	3	0.06
1591	1029	Ce	105.3	4	0.01
1592	1030	Y	101.9	3	0.04
1593	1030	Sc	87	3	0.06
1594	1030	Ce	105.3	4	0.01
1595	1031	Y	101.9	3	0.04
1596	1031	Sc	87	3	0.06
1597	1031	Ce	105.3	4	0.02
1598	1032	Y	101.9	3	0.04
1599	1032	Sc	87	3	0.06
1600	1032	Ce	105.3	4	0.02
1601	1033	Y	101.9	3	0.04
1602	1033	Sc	87	3	0.06
1603	1033	Ce	105.3	4	0.02
1604	1034	Y	101.9	3	0.04
1605	1034	Sc	87	3	0.06
1606	1034	Ce	105.3	4	0.02
1607	1035	Y	101.9	3	0.04
1608	1035	Sc	87	3	0.06
1609	1035	Ce	105.3	4	0.02
1610	1036	Y	101.9	3	0.04
1611	1036	Sc	87	3	0.06
1612	1036	Ce	105.3	4	0.02
1613	1037	Y	101.9	3	0.04
1614	1037	Sc	87	3	0.06
1615	1037	Ce	105.3	4	0.02
1616	1038	Y	101.9	3	0.04
1617	1038	Sc	87	3	0.06
1618	1038	Ce	105.3	4	0.02
1619	1039	Y	101.9	3	0.04
1620	1039	Sc	87	3	0.06
1621	1039	Ce	105.3	4	0.03
1622	1040	Y	101.9	3	0.04
1623	1040	Sc	87	3	0.06
1624	1040	Ce	105.3	4	0.03
1625	1041	Y	101.9	3	0.04
1626	1041	Sc	87	3	0.06
1627	1041	Ce	105.3	4	0.03
1628	1042	Y	101.9	3	0.04
1629	1042	Sc	87	3	0.06
1630	1042	Ce	105.3	4	0.03
1631	1043	Y	101.9	3	0.04
1632	1043	Sc	87	3	0.06
1633	1043	Ti	61	4	0.01
1634	1044	Y	101.9	3	0.04
1635	1044	Sc	87	3	0.06
1636	1044	Ti	61	4	0.01
1637	1045	Y	101.9	3	0.04
1638	1045	Sc	87	3	0.06
1639	1045	Ti	61	4	0.01
1640	1046	Y	101.9	3	0.04
1641	1046	Sc	87	3	0.06
1642	1046	Ti	61	4	0.01
1643	1047	Y	101.9	3	0.04
1644	1047	Sc	87	3	0.06
1645	1047	Nb	64	5	0.01
1646	1048	Y	101.9	3	0.04
1647	1048	Sc	87	3	0.06
1648	1048	Nb	64	5	0.01
1649	1049	Y	101.9	3	0.04
1650	1049	Sc	87	3	0.06
1651	1049	Nb	64	5	0.01
1652	1050	Y	101.9	3	0.04
1653	1050	Sc	87	3	0.06
1654	1050	Nb	64	5	0.01
1655	1051	Y	101.9	3	0.038
1656	1051	Sc	87	3	0.057
1657	1051	Er	100.4	3	0.01
1658	1051	Bi	96	3	0.04
1659	1052	Y	101.9	3	0.038
1660	1052	Sc	87	3	0.057
1661	1052	Er	100.4	3	0.01
1662	1052	Bi	96	3	0.04
1663	1053	Y	101.9	3	0.038
1664	1053	Sc	87	3	0.057
1665	1053	Er	100.4	3	0.01
1666	1053	Bi	96	3	0.04
1667	1054	Y	101.9	3	0.038
1668	1054	Sc	87	3	0.057
1669	1054	Er	100.4	3	0.01
1670	1054	Bi	96	3	0.04
1671	1055	Y	101.9	3	0.038
1672	1055	Sc	87	3	0.057
1673	1055	Er	100.4	3	0.01
1674	1055	Bi	96	3	0.04
1675	1056	Y	101.9	3	0.036
1676	1056	Sc	87	3	0.054
1677	1056	Er	100.4	3	0.02
1678	1056	Bi	96	3	0.08
1679	1057	Y	101.9	3	0.036
1680	1057	Sc	87	3	0.054
1681	1057	Er	100.4	3	0.02
1682	1057	Bi	96	3	0.08
1683	1058	Y	101.9	3	0.036
1684	1058	Sc	87	3	0.054
1685	1058	Er	100.4	3	0.02
1686	1058	Bi	96	3	0.08
1687	1059	Y	101.9	3	0.036
1688	1059	Sc	87	3	0.054
1689	1059	Er	100.4	3	0.02
1690	1059	Bi	96	3	0.08
1691	1060	Y	101.9	3	0.036
1692	1060	Sc	87	3	0.054
1693	1060	Er	100.4	3	0.02
1694	1060	Bi	96	3	0.08
1695	1061	Y	101.9	3	0.034
1696	1061	Sc	87	3	0.051
1697	1061	Er	100.4	3	0.03
1698	1061	Bi	96	3	0.12
1699	1062	Y	101.9	3	0.034
1700	1062	Sc	87	3	0.051
1701	1062	Er	100.4	3	0.03
1702	1062	Bi	96	3	0.12
1703	1063	Y	101.9	3	0.034
1704	1063	Sc	87	3	0.051
1705	1063	Er	100.4	3	0.03
1706	1063	Bi	96	3	0.12
1707	1064	Y	101.9	3	0.034
1708	1064	Sc	87	3	0.051
1709	1064	Er	100.4	3	0.03
1710	1064	Bi	96	3	0.12
1711	1065	Y	101.9	3	0.032
1712	1065	Sc	87	3	0.048
1713	1065	Er	100.4	3	0.04
1714	1065	Bi	96	3	0.16
1715	1066	Y	101.9	3	0.032
1716	1066	Sc	87	3	0.048
1717	1066	Er	100.4	3	0.04
1718	1066	Bi	96	3	0.16
1719	1067	Y	101.9	3	0.032
1720	1067	Sc	87	3	0.048
1721	1067	Er	100.4	3	0.04
1722	1067	Bi	96	3	0.16
1723	1068	Y	101.9	3	0.032
1724	1068	Sc	87	3	0.048
1725	1068	Er	100.4	3	0.04
1726	1068	Bi	96	3	0.16
1727	1069	Y	101.9	3	0.032
1728	1069	Sc	87	3	0.048
1729	1069	Er	100.4	3	0.04
1730	1069	Bi	96	3	0.16
1731	1070	Sc	87	3	0.01
1732	1070	Y	101.9	3	0.09
1733	1071	Sc	87	3	0.01
1734	1071	Y	101.9	3	0.09
1735	1072	Sc	87	3	0.01
1736	1072	Y	101.9	3	0.09
1737	1073	Sc	87	3	0.01
1738	1073	Y	101.9	3	0.09
1739	1074	Sc	87	3	0.01
1740	1074	Y	101.9	3	0.09
1741	1075	Sc	87	3	0.01
1742	1075	Y	101.9	3	0.09
1743	1076	Sc	87	3	0.02
1744	1076	Y	101.9	3	0.08
1745	1077	Sc	87	3	0.02
1746	1077	Y	101.9	3	0.08
1747	1078	Sc	87	3	0.02
1748	1078	Y	101.9	3	0.08
1749	1079	Sc	87	3	0.02
1750	1079	Y	101.9	3	0.08
1751	1080	Sc	87	3	0.02
1752	1080	Y	101.9	3	0.08
1753	1081	Sc	87	3	0.02
1754	1081	Y	101.9	3	0.08
1755	1082	Sc	87	3	0.03
1756	1082	Y	101.9	3	0.07
1757	1083	Sc	87	3	0.03
1758	1083	Y	101.9	3	0.07
1759	1084	Sc	87	3	0.03
1760	1084	Y	101.9	3	0.07
1761	1085	Sc	87	3	0.03
1762	1085	Y	101.9	3	0.07
1763	1086	Sc	87	3	0.03
1764	1086	Y	101.9	3	0.07
1765	1087	Sc	87	3	0.03
1766	1087	Y	101.9	3	0.07
1767	1088	Sc	87	3	0.04
1768	1088	Y	101.9	3	0.06
1769	1089	Sc	87	3	0.04
1770	1089	Y	101.9	3	0.06
1771	1090	Sc	87	3	0.04
1772	1090	Y	101.9	3	0.06
1773	1091	Sc	87	3	0.04
1774	1091	Y	101.9	3	0.06
1775	1092	Sc	87	3	0.04
1776	1092	Y	101.9	3	0.06
1777	1093	Sc	87	3	0.04
1778	1093	Y	101.9	3	0.06
1779	1094	Sc	87	3	0.05
1780	1094	Y	101.9	3	0.05
1781	1095	Sc	87	3	0.05
1782	1095	Y	101.9	3	0.05
1783	1096	Sc	87	3	0.05
1784	1096	Y	101.9	3	0.05
1785	1097	Sc	87	3	0.05
1786	1097	Y	101.9	3	0.05
1787	1098	Sc	87	3	0.05
1788	1098	Y	101.9	3	0.05
1789	1099	Sc	87	3	0.05
1790	1099	Y	101.9	3	0.05
1791	1100	Sc	87	3	0.06
1792	1100	Y	101.9	3	0.04
1793	1101	Sc	87	3	0.06
1794	1101	Y	101.9	3	0.04
1795	1102	Sc	87	3	0.06
1796	1102	Y	101.9	3	0.04
1797	1103	Sc	87	3	0.06
1798	1103	Y	101.9	3	0.04
1799	1104	Sc	87	3	0.06
1800	1104	Y	101.9	3	0.04
1801	1105	Sc	87	3	0.06
1802	1105	Y	101.9	3	0.04
1803	1106	Sc	87	3	0.06
1804	1106	Y	101.9	3	0.04
1805	1107	Sc	87	3	0.06
1806	1107	Y	101.9	3	0.04
1807	1108	Sc	87	3	0.07
1808	1108	Y	101.9	3	0.03
1809	1109	Sc	87	3	0.07
1810	1109	Y	101.9	3	0.03
1811	1110	Sc	87	3	0.07
1812	1110	Y	101.9	3	0.03
1813	1111	Sc	87	3	0.07
1814	1111	Y	101.9	3	0.03
1815	1112	Sc	87	3	0.07
1816	1112	Y	101.9	3	0.03
1817	1113	Sc	87	3	0.07
1818	1113	Y	101.9	3	0.03
1819	1114	Sc	87	3	0.07
1820	1114	Y	101.9	3	0.03
1821	1115	Sc	87	3	0.07
1822	1115	Y	101.9	3	0.03
1823	1116	Sc	87	3	0.08
1824	1116	Y	101.9	3	0.02
1825	1117	Sc	87	3	0.08
1826	1117	Y	101.9	3	0.02
1827	1118	Sc	87	3	0.08
1828	1118	Y	101.9	3	0.02
1829	1119	Sc	87	3	0.08
1830	1119	Y	101.9	3	0.02
1831	1120	Sc	87	3	0.08
1832	1120	Y	101.9	3	0.02
1833	1121	Sc	87	3	0.08
1834	1121	Y	101.9	3	0.02
1835	1122	Sc	87	3	0.08
1836	1122	Y	101.9	3	0.02
1837	1123	Sc	87	3	0.08
1838	1123	Y	101.9	3	0.02
1839	1124	Sc	87	3	0.09
1840	1124	Y	101.9	3	0.01
1841	1125	Sc	87	3	0.09
1842	1125	Y	101.9	3	0.01
1843	1126	Sc	87	3	0.09
1844	1126	Y	101.9	3	0.01
1845	1127	Sc	87	3	0.09
1846	1127	Y	101.9	3	0.01
1847	1128	Sc	87	3	0.09
1848	1128	Y	101.9	3	0.01
1849	1129	Sc	87	3	0.09
1850	1129	Y	101.9	3	0.01
1851	1130	Sc	87	3	0.09
1852	1130	Y	101.9	3	0.01
1853	1131	Sc	87	3	0.09
1854	1131	Y	101.9	3	0.01
1855	1132	Sc	87	3	0.01
1856	1132	Ce	105.3	4	0.09
1857	1133	Sc	87	3	0.01
1858	1133	Ce	105.3	4	0.09
1859	1134	Sc	87	3	0.01
1860	1134	Ce	105.3	4	0.09
1861	1135	Sc	87	3	0.01
1862	1135	Ce	105.3	4	0.09
1863	1136	Sc	87	3	0.01
1864	1136	Ce	105.3	4	0.09
1865	1137	Sc	87	3	0.01
1866	1137	Ce	105.3	4	0.09
1867	1138	Sc	87	3	0.01
1868	1138	Ce	105.3	4	0.09
1869	1139	Sc	87	3	0.02
1870	1139	Ce	105.3	4	0.08
1871	1140	Sc	87	3	0.02
1872	1140	Ce	105.3	4	0.08
1873	1141	Sc	87	3	0.02
1874	1141	Ce	105.3	4	0.08
1875	1142	Sc	87	3	0.02
1876	1142	Ce	105.3	4	0.08
1877	1143	Sc	87	3	0.02
1878	1143	Ce	105.3	4	0.08
1879	1144	Sc	87	3	0.02
1880	1144	Ce	105.3	4	0.08
1881	1145	Sc	87	3	0.02
1882	1145	Ce	105.3	4	0.08
1883	1146	Sc	87	3	0.02
1884	1146	Ce	105.3	4	0.08
1885	1147	Sc	87	3	0.02
1886	1147	Ce	105.3	4	0.08
1887	1148	Sc	87	3	0.03
1888	1148	Ce	105.3	4	0.07
1889	1149	Sc	87	3	0.03
1890	1149	Ce	105.3	4	0.07
1891	1150	Sc	87	3	0.03
1892	1150	Ce	105.3	4	0.07
1893	1151	Sc	87	3	0.03
1894	1151	Ce	105.3	4	0.07
1895	1152	Sc	87	3	0.03
1896	1152	Ce	105.3	4	0.07
1897	1153	Sc	87	3	0.03
1898	1153	Ce	105.3	4	0.07
1899	1154	Sc	87	3	0.03
1900	1154	Ce	105.3	4	0.07
1901	1155	Sc	87	3	0.03
1902	1155	Ce	105.3	4	0.07
1903	1156	Sc	87	3	0.04
1904	1156	Ce	105.3	4	0.06
1905	1157	Sc	87	3	0.04
1906	1157	Ce	105.3	4	0.06
1907	1158	Sc	87	3	0.04
1908	1158	Ce	105.3	4	0.06
1909	1159	Sc	87	3	0.04
1910	1159	Ce	105.3	4	0.06
1911	1160	Sc	87	3	0.04
1912	1160	Ce	105.3	4	0.06
1913	1161	Sc	87	3	0.04
1914	1161	Ce	105.3	4	0.06
1915	1162	Sc	87	3	0.04
1916	1162	Ce	105.3	4	0.06
1917	1163	Sc	87	3	0.04
1918	1163	Ce	105.3	4	0.06
1919	1164	Sc	87	3	0.05
1920	1164	Ce	105.3	4	0.05
1921	1165	Sc	87	3	0.05
1922	1165	Ce	105.3	4	0.05
1923	1166	Sc	87	3	0.05
1924	1166	Ce	105.3	4	0.05
1925	1167	Sc	87	3	0.05
1926	1167	Ce	105.3	4	0.05
1927	1168	Sc	87	3	0.05
1928	1168	Ce	105.3	4	0.05
1929	1169	Sc	87	3	0.05
1930	1169	Ce	105.3	4	0.05
1931	1170	Sc	87	3	0.05
1932	1170	Ce	105.3	4	0.05
1933	1171	Sc	87	3	0.05
1934	1171	Ce	105.3	4	0.05
1935	1172	Sc	87	3	0.06
1936	1172	Ce	105.3	4	0.04
1937	1173	Sc	87	3	0.06
1938	1173	Ce	105.3	4	0.04
1939	1174	Sc	87	3	0.06
1940	1174	Ce	105.3	4	0.04
1941	1175	Sc	87	3	0.06
1942	1175	Ce	105.3	4	0.04
1943	1176	Sc	87	3	0.06
1944	1176	Ce	105.3	4	0.04
1945	1177	Sc	87	3	0.06
1946	1177	Ce	105.3	4	0.04
1947	1178	Sc	87	3	0.06
1948	1178	Ce	105.3	4	0.04
1949	1179	Sc	87	3	0.06
1950	1179	Ce	105.3	4	0.04
1951	1180	Sc	87	3	0.07
1952	1180	Ce	105.3	4	0.03
1953	1181	Sc	87	3	0.07
1954	1181	Ce	105.3	4	0.03
1955	1182	Sc	87	3	0.07
1956	1182	Ce	105.3	4	0.03
1957	1183	Sc	87	3	0.07
1958	1183	Ce	105.3	4	0.03
1959	1184	Sc	87	3	0.07
1960	1184	Ce	105.3	4	0.03
1961	1185	Sc	87	3	0.07
1962	1185	Ce	105.3	4	0.03
1963	1186	Sc	87	3	0.07
1964	1186	Ce	105.3	4	0.03
1965	1187	Sc	87	3	0.07
1966	1187	Ce	105.3	4	0.03
1967	1188	Sc	87	3	0.08
1968	1188	Ce	105.3	4	0.02
1969	1189	Sc	87	3	0.08
1970	1189	Ce	105.3	4	0.02
1971	1190	Sc	87	3	0.08
1972	1190	Ce	105.3	4	0.02
1973	1191	Sc	87	3	0.08
1974	1191	Ce	105.3	4	0.02
1975	1192	Sc	87	3	0.08
1976	1192	Ce	105.3	4	0.02
1977	1193	Sc	87	3	0.08
1978	1193	Ce	105.3	4	0.02
1979	1194	Sc	87	3	0.08
1980	1194	Ce	105.3	4	0.02
1981	1195	Sc	87	3	0.08
1982	1195	Ce	105.3	4	0.02
1983	1196	Sc	87	3	0.09
1984	1196	Ce	105.3	4	0.01
1985	1197	Sc	87	3	0.09
1986	1197	Ce	105.3	4	0.01
1987	1198	Sc	87	3	0.09
1988	1198	Ce	105.3	4	0.01
1989	1199	Sc	87	3	0.09
1990	1199	Ce	105.3	4	0.01
1991	1200	Sc	87	3	0.09
1992	1200	Ce	105.3	4	0.01
1993	1201	Sc	87	3	0.09
1994	1201	Ce	105.3	4	0.01
1995	1202	Sc	87	3	0.09
1996	1202	Ce	105.3	4	0.01
1997	1203	Sc	87	3	0.09
1998	1203	Ce	105.3	4	0.01
1999	1204	Sc	87	3	0.01
2000	1204	Yb	98.5	3	0.09
2001	1205	Sc	87	3	0.01
2002	1205	Yb	98.5	3	0.09
2003	1206	Sc	87	3	0.01
2004	1206	Yb	98.5	3	0.09
2005	1207	Sc	87	3	0.01
2006	1207	Yb	98.5	3	0.09
2007	1208	Sc	87	3	0.01
2008	1208	Yb	98.5	3	0.09
2009	1209	Sc	87	3	0.01
2010	1209	Yb	98.5	3	0.09
2011	1210	Sc	87	3	0.01
2012	1210	Yb	98.5	3	0.09
2013	1211	Sc	87	3	0.01
2014	1211	Yb	98.5	3	0.09
2015	1212	Sc	87	3	0.02
2016	1212	Yb	98.5	3	0.08
2017	1213	Sc	87	3	0.02
2018	1213	Yb	98.5	3	0.08
2019	1214	Sc	87	3	0.02
2020	1214	Yb	98.5	3	0.08
2021	1215	Sc	87	3	0.02
2022	1215	Yb	98.5	3	0.08
2023	1216	Sc	87	3	0.02
2024	1216	Yb	98.5	3	0.08
2025	1217	Sc	87	3	0.02
2026	1217	Yb	98.5	3	0.08
2027	1218	Sc	87	3	0.02
2028	1218	Yb	98.5	3	0.08
2029	1219	Sc	87	3	0.02
2030	1219	Yb	98.5	3	0.08
2031	1220	Sc	87	3	0.03
2032	1220	Yb	98.5	3	0.07
2033	1221	Sc	87	3	0.03
2034	1221	Yb	98.5	3	0.07
2035	1222	Sc	87	3	0.03
2036	1222	Yb	98.5	3	0.07
2037	1223	Sc	87	3	0.03
2038	1223	Yb	98.5	3	0.07
2039	1224	Sc	87	3	0.03
2040	1224	Yb	98.5	3	0.07
2041	1225	Sc	87	3	0.03
2042	1225	Yb	98.5	3	0.07
2043	1226	Sc	87	3	0.03
2044	1226	Yb	98.5	3	0.07
2045	1227	Sc	87	3	0.03
2046	1227	Yb	98.5	3	0.07
2047	1228	Sc	87	3	0.04
2048	1228	Yb	98.5	3	0.06
2049	1229	Sc	87	3	0.04
2050	1229	Yb	98.5	3	0.06
2051	1230	Sc	87	3	0.04
2052	1230	Yb	98.5	3	0.06
2053	1231	Sc	87	3	0.04
2054	1231	Yb	98.5	3	0.06
2055	1232	Sc	87	3	0.04
2056	1232	Yb	98.5	3	0.06
2057	1233	Sc	87	3	0.04
2058	1233	Yb	98.5	3	0.06
2059	1234	Sc	87	3	0.04
2060	1234	Yb	98.5	3	0.06
2061	1235	Sc	87	3	0.04
2062	1235	Yb	98.5	3	0.06
2063	1236	Sc	87	3	0.05
2064	1236	Yb	98.5	3	0.05
2065	1237	Sc	87	3	0.05
2066	1237	Yb	98.5	3	0.05
2067	1238	Sc	87	3	0.05
2068	1238	Yb	98.5	3	0.05
2069	1239	Sc	87	3	0.05
2070	1239	Yb	98.5	3	0.05
2071	1240	Sc	87	3	0.05
2072	1240	Yb	98.5	3	0.05
2073	1241	Sc	87	3	0.05
2074	1241	Yb	98.5	3	0.05
2075	1242	Sc	87	3	0.05
2076	1242	Yb	98.5	3	0.05
2077	1243	Sc	87	3	0.05
2078	1243	Yb	98.5	3	0.05
2079	1244	Sc	87	3	0.06
2080	1244	Yb	98.5	3	0.04
2081	1245	Sc	87	3	0.06
2082	1245	Yb	98.5	3	0.04
2083	1246	Sc	87	3	0.06
2084	1246	Yb	98.5	3	0.04
2085	1247	Sc	87	3	0.06
2086	1247	Yb	98.5	3	0.04
2087	1248	Sc	87	3	0.06
2088	1248	Yb	98.5	3	0.04
2089	1249	Sc	87	3	0.06
2090	1249	Yb	98.5	3	0.04
2091	1250	Sc	87	3	0.06
2092	1250	Yb	98.5	3	0.04
2093	1251	Sc	87	3	0.06
2094	1251	Yb	98.5	3	0.04
2095	1252	Sc	87	3	0.07
2096	1252	Yb	98.5	3	0.03
2097	1253	Sc	87	3	0.07
2098	1253	Yb	98.5	3	0.03
2099	1254	Sc	87	3	0.07
2100	1254	Yb	98.5	3	0.03
2101	1255	Sc	87	3	0.07
2102	1255	Yb	98.5	3	0.03
2103	1256	Sc	87	3	0.07
2104	1256	Yb	98.5	3	0.03
2105	1257	Sc	87	3	0.07
2106	1257	Yb	98.5	3	0.03
2107	1258	Sc	87	3	0.07
2108	1258	Yb	98.5	3	0.03
2109	1259	Sc	87	3	0.07
2110	1259	Yb	98.5	3	0.03
2111	1260	Sc	87	3	0.08
2112	1260	Yb	98.5	3	0.02
2113	1261	Sc	87	3	0.08
2114	1261	Yb	98.5	3	0.02
2115	1262	Sc	87	3	0.08
2116	1262	Yb	98.5	3	0.02
2117	1263	Sc	87	3	0.08
2118	1263	Yb	98.5	3	0.02
2119	1264	Sc	87	3	0.08
2120	1264	Yb	98.5	3	0.02
2121	1265	Sc	87	3	0.08
2122	1265	Yb	98.5	3	0.02
2123	1266	Sc	87	3	0.08
2124	1266	Yb	98.5	3	0.02
2125	1267	Sc	87	3	0.08
2126	1267	Yb	98.5	3	0.02
2127	1268	Sc	87	3	0.09
2128	1268	Yb	98.5	3	0.01
2129	1269	Sc	87	3	0.09
2130	1269	Yb	98.5	3	0.01
2131	1270	Sc	87	3	0.09
2132	1270	Yb	98.5	3	0.01
2133	1271	Sc	87	3	0.09
2134	1271	Yb	98.5	3	0.01
2135	1272	Sc	87	3	0.09
2136	1272	Yb	98.5	3	0.01
2137	1273	Sc	87	3	0.09
2138	1273	Yb	98.5	3	0.01
2139	1274	Sc	87	3	0.01
2140	1274	Dy	102.7	3	0.09
2141	1275	Sc	87	3	0.01
2142	1275	Dy	102.7	3	0.09
2143	1276	Sc	87	3	0.01
2144	1276	Dy	102.7	3	0.09
2145	1277	Sc	87	3	0.01
2146	1277	Dy	102.7	3	0.09
2147	1278	Sc	87	3	0.01
2148	1278	Dy	102.7	3	0.09
2149	1279	Sc	87	3	0.01
2150	1279	Dy	102.7	3	0.09
2151	1280	Sc	87	3	0.02
2152	1280	Dy	102.7	3	0.08
2153	1281	Sc	87	3	0.02
2154	1281	Dy	102.7	3	0.08
2155	1282	Sc	87	3	0.02
2156	1282	Dy	102.7	3	0.08
2157	1283	Sc	87	3	0.02
2158	1283	Dy	102.7	3	0.08
2159	1284	Sc	87	3	0.02
2160	1284	Dy	102.7	3	0.08
2161	1285	Sc	87	3	0.02
2162	1285	Dy	102.7	3	0.08
2163	1286	Sc	87	3	0.03
2164	1286	Dy	102.7	3	0.07
2165	1287	Sc	87	3	0.03
2166	1287	Dy	102.7	3	0.07
2167	1288	Sc	87	3	0.03
2168	1288	Dy	102.7	3	0.07
2169	1289	Sc	87	3	0.03
2170	1289	Dy	102.7	3	0.07
2171	1290	Sc	87	3	0.03
2172	1290	Dy	102.7	3	0.07
2173	1291	Sc	87	3	0.03
2174	1291	Dy	102.7	3	0.07
2175	1292	Sc	87	3	0.04
2176	1292	Dy	102.7	3	0.06
2177	1293	Sc	87	3	0.04
2178	1293	Dy	102.7	3	0.06
2179	1294	Sc	87	3	0.04
2180	1294	Dy	102.7	3	0.06
2181	1295	Sc	87	3	0.04
2182	1295	Dy	102.7	3	0.06
2183	1296	Sc	87	3	0.04
2184	1296	Dy	102.7	3	0.06
2185	1297	Sc	87	3	0.04
2186	1297	Dy	102.7	3	0.06
2187	1298	Sc	87	3	0.05
2188	1298	Dy	102.7	3	0.05
2189	1299	Sc	87	3	0.05
2190	1299	Dy	102.7	3	0.05
2191	1300	Sc	87	3	0.05
2192	1300	Dy	102.7	3	0.05
2193	1301	Sc	87	3	0.05
2194	1301	Dy	102.7	3	0.05
2195	1302	Sc	87	3	0.05
2196	1302	Dy	102.7	3	0.05
2197	1303	Sc	87	3	0.05
2198	1303	Dy	102.7	3	0.05
2199	1304	Sc	87	3	0.06
2200	1304	Dy	102.7	3	0.04
2201	1305	Sc	87	3	0.06
2202	1305	Dy	102.7	3	0.04
2203	1306	Sc	87	3	0.06
2204	1306	Dy	102.7	3	0.04
2205	1307	Sc	87	3	0.06
2206	1307	Dy	102.7	3	0.04
2207	1308	Sc	87	3	0.06
2208	1308	Dy	102.7	3	0.04
2209	1309	Sc	87	3	0.06
2210	1309	Dy	102.7	3	0.04
2211	1310	Sc	87	3	0.07
2212	1310	Dy	102.7	3	0.03
2213	1311	Sc	87	3	0.07
2214	1311	Dy	102.7	3	0.03
2215	1312	Sc	87	3	0.07
2216	1312	Dy	102.7	3	0.03
2217	1313	Sc	87	3	0.07
2218	1313	Dy	102.7	3	0.03
2219	1314	Sc	87	3	0.07
2220	1314	Dy	102.7	3	0.03
2221	1315	Sc	87	3	0.07
2222	1315	Dy	102.7	3	0.03
2223	1316	Sc	87	3	0.08
2224	1316	Dy	102.7	3	0.02
2225	1317	Sc	87	3	0.08
2226	1317	Dy	102.7	3	0.02
2227	1318	Sc	87	3	0.08
2228	1318	Dy	102.7	3	0.02
2229	1319	Sc	87	3	0.08
2230	1319	Dy	102.7	3	0.02
2231	1320	Sc	87	3	0.08
2232	1320	Dy	102.7	3	0.02
2233	1321	Sc	87	3	0.08
2234	1321	Dy	102.7	3	0.02
2235	1322	Sc	87	3	0.09
2236	1322	Dy	102.7	3	0.01
2237	1323	Sc	87	3	0.09
2238	1323	Dy	102.7	3	0.01
2239	1324	Sc	87	3	0.09
2240	1324	Dy	102.7	3	0.01
2241	1325	Sc	87	3	0.09
2242	1325	Dy	102.7	3	0.01
2243	1326	Sc	87	3	0.09
2244	1326	Dy	102.7	3	0.01
2245	1327	Y	101.9	3	0.1
2246	1328	Y	101.9	3	0.1
2247	1329	Y	101.9	3	0.1
2248	1330	Y	101.9	3	0.1
2249	1331	Y	101.9	3	0.1
2250	1332	Yb	98.5	3	0.1
2251	1333	Yb	98.5	3	0.1
2252	1334	Yb	98.5	3	0.1
2253	1335	Yb	98.5	3	0.1
2254	1336	Yb	98.5	3	0.1
2255	1337	Yb	98.5	3	0.1
2256	1338	Dy	102.7	3	0.1
2257	1339	Dy	102.7	3	0.1
2258	1340	Dy	102.7	3	0.1
2259	1341	Dy	102.7	3	0.1
2260	1342	Dy	102.7	3	0.1
2261	1343	Dy	102.7	3	0.1
2262	1344	Dy	102.7	3	0.1
2263	1345	Dy	102.7	3	0.1
2264	1346	Sc	87	3	0.1
2265	1347	Sc	87	3	0.1
2266	1348	Sc	87	3	0.1
2267	1349	Sc	87	3	0.1
2268	1350	Sc	87	3	0.1
2269	1351	Sc	87	3	0.1
